x,y,z,nx,ny,nz
0.08953,5.05918,0,0,0,1
0.009858,0.0076,0,0,0,1
2.909176,0.066449,0,0,0,1
3.008,4.95576,0,0,0,1
